<?xml version="1.0" encoding="UTF-8" standalone="yes"?>
<addon id="script.screensaver.animexx" name="Anime Fanartsaver" version="0.9.1" provider-name="L0RE">
    <requires>
        <import addon="xbmc.python" version="2.1.0"/>
    </requires>
    <extension point="xbmc.ui.screensaver" library="screensaver.py" >
	<provides>executable</provides>
    </extension>
    <extension point="xbmc.python.script" library="screensaver.py" />
    <extension point="xbmc.addon.metadata">
        <platform>all</platform>
        <language/>
        <website>http://repo.l0re.com/</website>
        <source>http://repo.l0re.com/data/script.screensaver.animexx/</source>
        <forum>http://www.kodinerds.net/index.php/Thread/45654-RELEASE-Animexx-Fanart-Screensave/</forum>
        <email>andreas at vogler dot name</email>
        <summary lang="en">Screensaver for Fanarts from Animexx</summary>
        <description lang="en">Screensaver ,that shows all new fanarts from Animexx.de</description>
		<summary lang="de">Screensaver für Animexx Fanarts</summary>
        <description lang="de">Screensaver ,zum Anzeigen von Fanarts von Animexx.de</description>
    </extension>
</addon>
