<?xml version="1.0" encoding="UTF-8"?>
<addon id="plugin.video.bild_bundesliga" name="Bundesliga bei Bild" version="1.0.8" provider-name="PUR3">
    <requires>
        <import addon="xbmc.python" version="2.1.0"/>
    </requires>
    <extension point="xbmc.python.pluginsource" library="default.py">
        <provides>video</provides>
    </extension>
    <extension point="xbmc.addon.metadata">
        <platform>all</platform>
        <summary lang="de">Zusammenfassungen von Bundesligaspielen</summary>
        <description lang="de">Zusammenfassungen von Bundesligaspielen</description>
    </extension>
</addon>
