<?xml version="1.0" encoding="UTF-8" standalone="yes"?>
<addon id="repository.L0RE_kodinerds" name="Repo fuer Kodinerd Plugins" version="1.0.0" provider-name="L0RE">
	<extension point="xbmc.addon.repository" name="L0RErepo">
		<info compressed="false"/addons.xml</info>
		<info compressed="false">https://raw.githubusercontent.com/kodinerds/repo/master/addons.xml</info>
		<checksum>https://raw.githubusercontent.com/kodinerds/repo/master/addons.xml.md5</checksum>
		<datadir zip="false">https://github.com/kodinerds/</datadir>
	</extension>
	<extension point="xbmc.addon.metadata">
		<summary>Latest kodi Adons</summary>
		<description>Latest kodi </description>
		<disclaimer></disclaimer>
		<platform>all</platform>
	</extension>
</addon>
