<?xml version="1.0" encoding="UTF-8" standalone="yes"?>
<addon id="plugin.video.dfb_tv" name="DFB TV" version="1.0.2.1" provider-name="PUR3">
	<requires>
		<import addon="xbmc.python" version="2.1.0"/>
	</requires>
	<extension point="xbmc.python.pluginsource" library="default.py">
		<provides>video</provides>
	</extension>
	<extension point="xbmc.addon.metadata">
		<summary lang="de">DFB TV</summary>
		<description lang="de">Zusammenfassungen von Spielen aus dem deutschen Männer- und Frauenfußball, Livestreams, sonstige Videos mit Bezug zum DFB.</description>
		<language>de</language>
		<platform>all</platform>
		<license>GNU GENERAL PUBLIC LICENSE. Version 2, June 1991</license>
		<website>www.tv.dfb.de</website>
	</extension>
</addon>
