<?xml version="1.0" encoding="UTF-8" standalone="yes"?>
<addon id="service.subtitles.tv4user" name="Tv4user.de" version="0.7.4" provider-name="L0RE">
  <requires>
    <import addon="xbmc.python" version="2.1.0"/>
  </requires>
  <extension point="xbmc.subtitle.module"
             library="service.py" />
  <extension point="xbmc.addon.metadata">
    <summary lang="en">Untertitel von Tv4User</summary>
    <description lang="en">Subtitle in German from tv4users </description>
    <disclaimer lang="en"></disclaimer>
    <platform>all</platform>
    <license>GNU GENERAL PUBLIC LICENSE. Version 2, June 1991</license>
    <forum>http://board.tv4user.de/index.php?threadID=16114</forum>
    <website></website>
    <email></email>
    <source></source>    
  </extension>
</addon>
