<?xml version="1.0" encoding="UTF-8" standalone="yes"?>
<addon id="plugin.video.br3" name="Bayrisches Fernsehen" version="0.6.6" provider-name="L0RE">
    <extension point="xbmc.python.pluginsource" library="default.py">
        <provides>video</provides>
    </extension>
  <extension point="xbmc.addon.metadata">
    <summary lang="en">Videos von Bayrischen Fernsehen</summary>
    <summary lang="de">Videos of Bavarian Television</summary>
    <description lang="en">Videos der Mediathek von Bayrischen Fernsehen</description>
    <description lang="de">Video From Bavarian Television</description>
    <website></website>
    <source>http://repo.l0re.com/data/plugin.video.br3/</source>
    <forum>http://www.kodinerds.net/index.php/Thread/46598-Bayrisches-Fernsehen/</forum>
    <email>andreas at vogler dot name</email>
    <platform>all</platform>
  </extension>
</addon>
