<?xml version="1.0" encoding="UTF-8"?>
<addon id="plugin.video.mediatheken" name="Mediatheken" version="1.0.11" provider-name="L0RE">
    <requires>
        <import addon="xbmc.python" version="2.1.0"/>
    </requires>
    <extension point="xbmc.python.pluginsource" library="default.py">
        <provides>video</provides>
    </extension>
    <extension point="xbmc.addon.metadata">
        <platform>all</platform>
        <summary lang="en">German media libraries</summary>
        <summary lang="de">Deutsche Mediatheken</summary>
        <language>de</language>
        <description lang="en">German media libraries</description>
        <description lang="de">Deutsche Mediatheken</description>
        <source>https://github.com/AddonScriptorDE/plugin.video.mediatheken</source>
        <forum>http://forum.xbmc.org/showthread.php?tid=</forum>
        <email>AddonScriptorDE at yahoo dot de</email>
        <website></website>
    </extension>
</addon>
