<?xml version="1.0" encoding="UTF-8"?>
<addon id="plugin.video.kika_de" name="KIKA+" version="1.0.4" provider-name="AddonScriptorDE">
    <requires>
        <import addon="xbmc.python" version="2.1.0"/>
    </requires>
    <extension point="xbmc.python.pluginsource" library="default.py">
        <provides>video</provides>
    </extension>
    <extension point="xbmc.addon.metadata">
        <platform>all</platform>
        <summary lang="de">KIKA Mediathek</summary>
        <summary lang="en">KIKA media library</summary>
        <language>de</language>
        <description lang="de">KiKA - der Kinderkanal von ARD und ZDF</description>
        <description lang="en">KiKA - the kids channel from ARD and ZDF</description>
        <disclaimer lang="en">Some parts of this addon may not be legal in your country of residence - please check with your local laws before installing.</disclaimer>
        <license>GNU GENERAL PUBLIC LICENSE. Version 2, June 1991</license>
        <source>https://github.com/AddonScriptorDE/plugin.video.kika_de</source>
        <forum>http://forum.xbmc.org/showthread.php?tid=132563</forum>
        <email>AddonScriptorDE at yahoo dot de</email>
        <website>http://kikaplus.net/clients/kika/kikaplus/</website>
    </extension>
</addon>
