<?xml version="1.0" encoding="UTF-8"?>
<addon id="plugin.video.sesamstrasse_de" name="Sesamstrasse.de" version="1.0.3" provider-name="L0RE">
    <requires>
        <import addon="xbmc.python" version="2.1.0"/>
    </requires>
    <extension point="xbmc.python.pluginsource" library="default.py">
        <provides>video</provides>
    </extension>
    <extension point="xbmc.addon.metadata">
        <platform>all</platform>
        <summary lang="de">Sesamstrasse Mediathek</summary>
        <summary lang="en">Sesamstrasse media library</summary>
        <language>de</language>
        <description lang="de">Ganze Folgen Sesamstrasse ansehen</description>
        <description lang="en">Watch full episodes of Sesamstrasse</description>
        <license>GNU GENERAL PUBLIC LICENSE. Version 2, June 1991</license>
        <source>https://github.com/kodinerds/repo/tree/master/addons/plugin.video.sesamstrasse_de</source>
        <forum>http://forum.xbmc.org/showthread.php?tid=132563</forum>
        <email>lore at vogler.name</email>
        <website>http://www.sesamstrasse.de</website>
    </extension>
</addon>
