<?xml version="1.0" encoding="UTF-8" standalone="yes"?>
<addon id="service.subtitles.subcentral" name="Subcentral.de Patch" version="0.1" provider-name="L0RE">
  <requires>
    <import addon="xbmc.python" version="2.1.0"/>
    <import addon="script.subcentral_de" version="1.0"/>
  </requires>
  <extension point="xbmc.subtitle.module"
             library="service.py" />
  <extension point="xbmc.addon.metadata">
    <summary lang="en">SubcentralWorkaround</summary>
    <description lang="en">Try to embed Subcentral into the Menu</description>
    <disclaimer lang="en"></disclaimer>
    <platform>all</platform>
    <license>GNU GENERAL PUBLIC LICENSE. Version 2, June 1991</license>
    <forum></forum>
    <website></website>
    <email></email>
    <source></source>    
  </extension>
</addon>
