<?xml version="1.0" encoding="UTF-8" standalone="yes"?>
<addon id="repository.lost-and-found" name="Repo Lost and Found" version="1.1.2" provider-name="L0RE">
	<extension point="xbmc.addon.repository" name="L0RE">
		<info compressed="true">https://raw.githubusercontent.com/kodinerds/repo/master/addons.xml</info>
		<checksum>https://raw.githubusercontent.com/kodinerds/repo/master/addons.xml.md5</checksum>
		<datadir zip="true">https://raw.githubusercontent.com/kodinerds/repo/master/addons/</datadir>
	</extension>
	<extension point="xbmc.addon.metadata">
		<summary>Most of the addon have been abandoned, and Patched by someone new. Or have been Found without someone loosing them</summary>
		<description>Most of the addon have been abandoned, and Patched by someone new. Or have been Found without someone loosing them</description>
		<disclaimer></disclaimer>
		<platform>all</platform>
	</extension>
</addon>
