<?xml version="1.0" encoding="UTF-8" standalone="yes"?>
<addon id="plugin.video.animexx" name="Animexx Videos" version="0.8.3" provider-name="L0RE">
    <extension point="xbmc.python.pluginsource" library="default.py">
        <provides>video</provides>
    </extension>
  <extension point="xbmc.addon.metadata">
    <summary lang="en">Videos from Animexx</summary>
    <summary lang="de">Videos von Animexx</summary>
    <description lang="en">Animexx is one of the biggest german Anime Comunity. This Are Videos from this Comunity</description>
    <description lang="de">Animexx ist einer der groessten deutschen Anime Comunitys. Dies sind die Videos der Seite</description>
    <website></website>
    <source>http://repo.l0re.com/data/plugin.video.animexx/</source>
    <forum>http://www.animexx.de</forum>
    <email>andreas at vogler dot name</email>
    <platform>all</platform>
  </extension>
</addon>
